ID,名前,初期レベル,レベル限界,初期HP,HP100,初期L ATK,初期L MAT,初期L DEF,初期L MDE,初期G ATK,初期G MAT,初期G DEF,初期G MDE,L ATK100,L MAT100,L DEF100,L MDE100,G ATK100,G MAT100,G DEF100,G MDE100,初期指揮,初期機動,指揮100,機動100,初期回復力,回復100,兵士数,死亡可,好感度,ス L ATK,ス L DEF,ス G ATK,サイズ　部下,装備,AI番号,立ち絵画像名,顔アイコン画像名,戦闘リーダープレハブ,戦闘兵士プレハブ,キャラ説明,死亡時セリフ,捕獲時セリフ,逃走時セリフ
0,アリス,10,-1,35,1000,0,18,12,15,0,12,8,12,0,520,270,420,0,900,200,270,12,10,420,10,50,500,250,1,100,0,1,120,0,-1,0,000_cv_aliceA,600_fv_aliceA,bv_alice,bv_neomagicsoldier,説明不要だな。クフフフッ！　強くてかっこいい最強の魔女といえば、この私アリス様だ！,ぐ……うそ、だろ……,ぎゃーーー！　離せこのやろーー！！,ちっ、退却だーー！！！
1,クロ,15,150,20,850,5,0,7,5,5,0,5,2,250,0,220,150,520,0,180,100,8,22,300,22,150,1500,500,0,80,2,3,122,1,-1,1,008_cv_kuroA,608_fv_kuroA,bv_kuro,bv_slave,呼べば出てくる使える部下だ。ババアのころからの古参だな。私がここに来た時からいた気がするが、いったい何歳なのか……。,アリス様……,……無念,退却する！
2,メイジー,12,-1,15,820,0,115,5,20,0,12,8,12,0,400,320,450,0,900,200,270,9,12,240,12,120,1000,800,1,10,4,5,120,0,-1,2,010_cv_meisieA,610_fv_meisieA,bv_meisie,bv_neomagicsoldier,一応妹弟子ってことになってるが、あいつはよわっちいし、すぐ泣くし、わめくし、口うるさいしでまったくうっとうしい奴だ。,そん…な……、ねえ……さん,いやっ！　ちょっと、離して！,にっ、逃げるわよ！
3,ワーウルフ,18,50,15,820,8,0,10,8,5,0,5,2,370,0,370,250,520,0,180,100,12,10,200,10,120,1000,800,0,0,6,7,122,1,-1,3,011_cv_werewolfA,611_fv_werewolfA,bv_werewolf,bv_slave,知らん、次,くそ……ここまでか……,ぐっ、離せ！！　くそっ！,ふんっ、ひとまず退く！
4,ハル,1,-1,15,820,150,0,120,100,15,0,12,10,370,0,370,250,370,0,370,250,12,10,500,10,120,1000,1045,1,0,58,131,121,0,-1,4,013_cv_haruA,613_fv_haruA,bv_haru,bv_magicsoldier,何だがなつかれちまったみたいだな。いつも私の周りをうっとうしく付きまとってくる奴だ。別に悪いってわけじゃねえけどさぁ……。,いや……だ、死にたく……ないよぉ,うぅ～～……,さっ、さらば～
5,トリアイナ,30,-1,15,820,150,0,120,100,15,0,12,10,370,0,370,250,370,0,370,250,12,10,500,10,120,1000,1045,1,0,58,131,121,0,-1,5,004_cv_triainaA,604_fv_triainaA,bv_triaina,bv_neomagicsoldier,冷たい女だ。この前あいつの洗濯物と一緒に洗濯された私のドロワーズがカチコチになって返ってきた。あいつの洗濯物は私のに絶対混ぜるなってチシャにきつく言っとかなきゃな,ここまでね……,くっ、殺せっ！！,退くわ！
6,オリヴィア,30,-1,15,820,150,0,120,100,15,0,12,10,370,0,370,250,370,0,370,250,12,10,500,10,120,1000,1045,1,0,58,131,121,0,-1,6,005_cv_oriviaA,605_fv_oriviaA,bv_orivia,bv_golem,きゃぴきゃぴしてて……なんていうか苦手な奴だ。魔女ならもっとシャキッとしろよなぁ……,,,
7,カートン,30,-1,15,820,150,0,120,100,15,0,12,10,370,0,370,250,370,0,370,250,12,10,500,10,120,1000,1045,1,0,58,131,121,0,-1,7,023_cv_kartonA,623_fv_kartonA,bv_karton,bv_leadersoldier,,,,
8,ドード,30,-1,15,820,150,0,120,100,15,0,12,10,370,0,370,250,370,0,370,250,12,10,500,10,120,1000,1045,1,0,58,131,121,0,-1,8,024_cv_doodA,624_fv_doodA,bv_dood,bv_slave,,,,
9,ベガ,30,-1,15,820,150,0,120,100,15,0,12,10,370,0,370,250,370,0,370,250,12,10,500,10,120,1000,1045,1,0,58,131,121,0,-1,9,001_cv_vegaA,601_fv_vegaA,bv_vega,bv_dragon,,,,
10,メッサーシュミット,30,-1,15,820,150,0,120,100,15,0,12,10,370,0,370,250,370,0,370,250,12,10,500,10,120,1000,1045,1,0,58,131,121,0,-1,10,,615_fv_messerschmittA,bv_messerschmitt,,,,,
11,シデン,30,-1,15,820,150,0,120,100,15,0,12,10,370,0,370,250,370,0,370,250,12,10,500,10,120,1000,1045,1,0,58,131,121,0,-1,11,016_cv_shidenA,616_fv_shidenA,bv_shiden,,,,,
12,グラマン,30,-1,15,820,150,0,120,100,15,0,12,10,370,0,370,250,370,0,370,250,12,10,500,10,120,1000,1045,1,0,58,131,121,0,-1,12,017_cv_grummanA,617_fv_grummanA,bv_grumman,,,,,
13,シャルロッテ,30,-1,15,820,150,0,120,100,15,0,12,10,370,0,370,250,370,0,370,250,12,10,500,10,120,1000,1045,1,0,58,131,121,0,-1,13,002_cv_charlotteA,602_fv_charlotteA,bv_charlotte,bv_neomagicsoldier,,,,
14,エミル,30,-1,15,820,150,0,120,100,15,0,12,10,370,0,370,250,370,0,370,250,12,10,500,10,120,1000,1045,1,0,58,131,121,0,-1,14,018_cv_emilA,618_fv_emilA,bv_emil,bv_slave,,,,
15,カスミ,30,-1,15,820,150,0,120,100,15,0,12,10,370,0,370,250,370,0,370,250,12,10,500,10,120,1000,1045,1,0,58,131,121,0,-1,15,019_cv_kasumiA,619_fv_kasumiA,bv_kasumi,bv_slave,,,,
16,エマ,30,-1,15,820,150,0,120,100,15,0,12,10,370,0,370,250,370,0,370,250,12,10,500,10,120,1000,1045,1,0,58,131,121,0,-1,16,020_cv_emaA,620_fv_emaA,bv_ema,bv_magicsoldier,,,,
17,パンプキング,30,-1,15,820,150,0,120,100,15,0,12,10,370,0,370,250,370,0,370,250,12,10,500,10,120,1000,1045,1,0,58,131,121,0,-1,17,003_cv_pumpkingA,603_fv_pumpkingA,bv_pumpking,bv_pumpkin,,,,
18,パンプキングネオ,30,-1,15,820,150,0,120,100,15,0,12,10,370,0,370,250,370,0,370,250,12,10,500,10,120,1000,1045,1,0,58,131,121,0,-1,18,,636_fv_neopumpkingA,bv_neopumpking,bv_pumpkin,,,,
19,アカリ,30,-1,15,820,150,0,120,100,15,0,12,10,370,0,370,250,370,0,370,250,12,10,500,10,120,1000,1045,1,0,58,131,121,0,-1,19,021_cv_akariA,621_fv_akariA,bv_akari,bv_pumpkin,,,,
20,リリィ,30,-1,15,820,150,0,120,100,15,0,12,10,370,0,370,250,370,0,370,250,12,10,500,10,120,1000,1045,1,0,58,131,121,0,-1,20,006_cv_lilyA,606_fv_lilyA,bv_lily,bv_zombi,,,,
21,ゾンビリリィ,30,-1,15,820,150,0,120,100,15,0,12,10,370,0,370,250,370,0,370,250,12,10,500,10,120,1000,1045,1,0,58,131,121,0,-1,21,,637_fv_zombililyA,bv_zombilily,,,,,
22,ゴーズ,30,-1,15,820,150,0,120,100,15,0,12,10,370,0,370,250,370,0,370,250,12,10,500,10,120,1000,1045,1,0,58,131,121,0,-1,22,,625_fv_gozuA,bv_gozu,,,,,
23,メーズ,30,-1,15,820,150,0,120,100,15,0,12,10,370,0,370,250,370,0,370,250,12,10,500,10,120,1000,1045,1,0,58,131,121,0,-1,23,,627_fv_mezuA,bv_mezu,,,,,
24,ヴェロニカ,30,-1,15,820,150,0,120,100,15,0,12,10,370,0,370,250,370,0,370,250,12,10,500,10,120,1000,1045,1,0,58,131,121,0,-1,24,007_cv_veronicaA,607_fv_veronicaA,bv_veronica,bv_majin,,,,
25,エリ,30,-1,15,820,150,0,120,100,15,0,12,10,370,0,370,250,370,0,370,250,12,10,500,10,120,1000,1045,1,0,58,131,121,0,-1,25,025_cv_eliA,627_fv_eliA,bv_eli,bv_neomagicsoldier,,,,
26,シードル,30,-1,15,820,150,0,120,100,15,0,12,10,370,0,370,250,370,0,370,250,12,10,500,10,120,1000,1045,1,0,58,131,121,0,-1,26,026_cv_seedleA,628_fv_seedleA,bv_seedle,bv_leadersoldier,,,,
27,ヴェロニカ,30,-1,15,820,150,0,120,100,15,0,12,10,370,0,370,250,370,0,370,250,12,10,500,10,120,1000,1045,1,0,58,131,121,0,-1,27,007_cv_veronicaA,607_fv_veronicaA,bv_veronica,bv_majin,,,,
28,エリ,30,-1,15,820,150,0,120,100,15,0,12,10,370,0,370,250,370,0,370,250,12,10,500,10,120,1000,1045,1,0,58,131,121,0,-1,28,025_cv_eliA,627_fv_eliA,bv_eli,bv_neomagicsoldier,,,,
29,シードル,30,-1,15,820,150,0,120,100,15,0,12,10,370,0,370,250,370,0,370,250,12,10,500,10,120,1000,1045,1,0,58,131,121,0,-1,29,026_cv_seedleA,628_fv_seedleA,bv_seedle,bv_leadersoldier,,,,
30,ライザ,30,-1,15,820,150,0,120,100,15,0,12,10,370,0,370,250,370,0,370,250,12,10,500,10,120,1000,1045,1,0,58,131,121,0,-1,30,027_cv_raisaA,629_fv_raisaA,bv_raisa,bv_majin,,,,
31,ライザニア,30,-1,15,820,150,0,120,100,15,0,12,10,370,0,370,250,370,0,370,250,12,10,500,10,120,1000,1045,1,0,58,131,121,0,-1,31,,638_fv_neoraisaA,bv_raisania,,,,,
32,ニア,30,-1,15,820,150,0,120,100,15,0,12,10,370,0,370,250,370,0,370,250,12,10,500,10,120,1000,1045,1,0,58,131,121,0,-1,32,028_cv_niaA,630_fv_niaA,bv_nia,bv_neomagicsoldier,,,,
33,ミグ,30,-1,15,820,150,0,120,100,15,0,12,10,370,0,370,250,370,0,370,250,12,10,500,10,120,1000,1045,1,0,58,131,121,0,-1,33,030_cv_migA,642_fv_migA,bv_mig,bv_magicsoldier,,,,
34,マルゲル,30,-1,15,820,150,0,120,100,15,0,12,10,370,0,370,250,370,0,370,250,12,10,500,10,120,1000,1045,1,0,58,131,121,0,-1,34,031_cv_malgerA,643_fv_malgerA,bv_malger,bv_leadersoldier,,,,
35,マルゲル,30,-1,15,820,150,0,120,100,15,0,12,10,370,0,370,250,370,0,370,250,12,10,500,10,120,1000,1045,1,0,58,131,121,0,-1,35,031_cv_malgerA,643_fv_malgerA,bv_malger,bv_leadersoldier,,,,
36,パンプキンレッド,30,-1,15,820,150,0,120,100,15,0,12,10,370,0,370,250,370,0,370,250,12,10,500,10,120,1000,1045,1,0,58,131,121,0,-1,36,029_cv_pumpkinfourA,644_fv_pumpkngfourA,bv_pumpkingfourA,bv_pumpkin,,,,
37,パンプキンピンク,30,-1,15,820,150,0,120,100,15,0,12,10,370,0,370,250,370,0,370,250,12,10,500,10,120,1000,1045,1,0,58,131,121,0,-1,37,029_cv_pumpkinfourA,645_fv_pumpkngfourB,bv_pumpkingfourB,bv_pumpkin,,,,
38,パンプキンブルー,30,-1,15,820,150,0,120,100,15,0,12,10,370,0,370,250,370,0,370,250,12,10,500,10,120,1000,1045,1,0,58,131,121,0,-1,38,029_cv_pumpkinfourA,646_fv_pumpkngfourC,bv_pumpkingfourC,bv_pumpkin,,,,
39,パンプキンシルバー,30,-1,15,820,150,0,120,100,15,0,12,10,370,0,370,250,370,0,370,250,12,10,500,10,120,1000,1045,1,0,58,131,121,0,-1,39,029_cv_pumpkinfourA,647_fv_pumpkngfourD,bv_pumpkingfourD,bv_pumpkin,,,,
40,覚醒エマ,30,-1,15,820,150,0,120,100,15,0,12,10,370,0,370,250,370,0,370,250,12,10,500,10,120,1000,1045,1,0,58,131,121,0,-1,40,,639_fv_neoemaA,bv_neoema,,,,,
41,魔法使い,30,-1,15,820,150,0,120,100,15,0,12,10,370,0,370,250,370,0,370,250,12,10,500,10,0,0,0,0,0,30,57,121,0,-1,41,,,bv_witch,,,,,
42,NINJA,30,-1,15,820,150,0,120,100,15,0,12,10,370,0,370,250,370,0,370,250,12,10,500,10,0,0,0,0,0,16,56,121,0,-1,42,,,bv_ninja,,,,,
43,魔導砲,30,-1,15,820,150,0,120,100,15,0,12,10,370,0,370,250,370,0,370,250,12,10,500,10,0,0,0,0,0,51,51,121,0,-1,43,,,bv_magicanon,,,,,
44,メガデス,30,-1,15,820,150,0,120,100,15,0,12,10,370,0,370,250,370,0,370,250,12,10,500,10,0,0,0,0,0,130,130,121,0,-1,44,,,bv_megadeath,,,,,
45,ゴーレム,30,-1,99999999,99999999,150,0,120,100,15,0,12,10,370,0,370,250,370,0,370,250,12,10,500,10,0,0,0,0,0,14,23,121,0,-1,45,,,bv_golem,,,,,
46,魔神,30,-1,15,820,150,0,120,100,15,0,12,10,370,0,370,250,370,0,370,250,12,10,500,10,0,0,0,0,0,58,131,121,0,-1,46,,,bv_majin,,,,,
47,ホーリーベル,30,-1,15,820,150,0,120,100,15,0,12,10,370,0,370,250,370,0,370,250,12,10,500,10,0,0,0,0,0,58,131,121,0,-1,47,,,bv_holybell,,,,,
48,アンノウン,30,-1,15,820,150,0,120,100,15,0,12,10,370,0,370,250,370,0,370,250,12,10,500,10,0,0,0,1,0,58,131,121,0,-1,48,,641_fv_unknownA,bv_unknown,,,,,
,アリス領モブ,,,,,,,,,,,,,,,,,,,,,,,,,,,,,,,,,,,,,,,,,,,
49,バレス,15,35,20,430,5,0,7,5,5,0,5,2,350,0,180,110,180,0,180,100,8,15,300,15,150,1500,500,1,0,58,131,121,0,-1,49,,633_fv_mendakoleaderA,bv_mendakoleader,bv_mendakosoldier,この前森で捕まえてきたんだ。思いのほかでかくなってな,ヌォォォン……,ヌォー……,ヌヌヌヌヌヌ
50,リーチ,15,35,20,430,5,0,7,5,5,0,5,2,250,0,210,130,180,0,180,100,8,15,300,15,150,1500,500,1,0,59,23,121,0,-1,50,,634_fv_leadersoldierA,bv_leadersoldire,bv_mendakosoldier,酒場で腕相撲大会をやったときにスカウトしたんだ。腕がめっちゃ太いんだ,ぐあ……,くっ、離せ！,たっ、退却ー！
51,ハーツ,15,30,20,430,5,0,7,5,5,0,5,2,220,0,250,120,180,0,180,100,8,15,300,15,150,1500,450,1,0,59,28,121,0,-1,51,,634_fv_leadersoldierA,bv_leadersoldire,bv_mendakosoldier,覚えてない,くそぉ……,くっ、離せ！,たっ、退却ー！
52,ジャック,15,35,20,430,5,0,7,5,5,0,5,2,230,0,230,110,180,0,180,100,8,15,300,15,150,1500,450,1,0,59,28,121,0,-1,52,,634_fv_leadersoldierA,bv_leadersoldire,bv_mendakosoldier,町の傭兵屋から買ったんだった……気がする,ぐあ……,くっ、離せ！,たっ、退却ー！
53,ラミー,15,35,20,430,0,5,5,7,0,5,2,5,0,250,150,220,0,320,100,180,8,15,300,15,150,1500,200,1,0,30,57,118,0,-1,53,,631_fv_magicleaderA,bv_magicleader,bv_magicsoldier,私が最初に作った魔法兵だな。……別に思い入れとかがあるわけじゃないが。,ぐ……,くっ、離せ！,たっ、退却ー！
54,ジャン,15,10,20,430,0,5,5,7,0,5,2,5,0,250,150,220,0,300,100,180,8,15,300,15,150,1500,200,1,0,30,57,118,0,-1,54,,631_fv_magicleaderA,bv_magicleader,bv_magicsoldier,こいつ確か手品が得意なんだよ。この前の手品ショーおもしろかったなぁ……,うぎゃーーーー,くっ、離せ！,たっ、退却ー！
55,ペトロニーラ,15,15,20,430,0,5,5,7,0,5,2,5,0,250,150,220,0,350,100,180,8,15,300,15,150,1500,220,1,0,30,57,118,0,-1,55,,631_fv_magicleaderA,bv_magicleader,bv_magicsoldier,こいつらの種族ってぼーっとしてて何考えてるかわかんねえよな。こいつらも驚くのかな。今度落とし穴にはめてやるか,くそぉ……,くっ、離せ！,たっ、退却ー！
56,ハーマイニア,15,35,20,430,0,5,5,7,0,5,2,5,0,250,150,220,0,300,100,180,8,15,300,15,150,1500,220,1,0,30,57,118,0,-1,56,,631_fv_magicleaderA,bv_magicleader,bv_magicsoldier,覚えてない,ぐあ……,くっ、離せ！,たっ、退却ー！
,メイジー領モブ,,,,,,,,,,,,,,,,,,,,,,,,,,,,,,,,,,,,,,,,,,,
57,フリーセル,12,25,20,430,5,0,7,5,5,0,5,2,260,0,250,110,180,0,180,100,8,15,300,15,150,1500,500,1,0,58,23,121,0,-1,57,,634_fv_leadersoldierA,bv_leadersoldire,bv_mendakosoldier,こいつ確かメイジーに惚れてたな。クフフフッ！　そんなんで裏切るから痛い目を見るのだ,ぐ……,くっ、離せ！,たっ、退却ー！
58,ジン,12,30,20,430,5,0,7,5,5,0,5,2,270,0,260,130,180,0,180,100,8,15,300,15,150,1500,500,1,0,58,28,121,0,-1,58,,634_fv_leadersoldierA,bv_leadersoldire,bv_mendakosoldier,酒みたいな名前だよな,うぎゃーーーー,くっ、離せ！,たっ、退却ー！
59,セブン,15,50,20,430,5,0,7,5,5,0,5,2,350,0,250,150,180,0,180,100,8,15,300,15,150,1500,500,1,0,58,23,121,0,-1,59,,634_fv_leadersoldierA,bv_leadersoldire,bv_mendakosoldier,じゅわっ！　……はっ、私は何を,くそぉ……,くっ、離せ！,たっ、退却ー！
60,ポーカー,15,35,20,430,5,0,7,5,5,0,5,2,290,0,240,100,180,0,180,100,8,15,300,15,150,1500,500,1,0,58,28,121,0,-1,60,,634_fv_leadersoldierA,bv_leadersoldire,bv_mendakosoldier,こいつかけ事にめちゃくちゃ弱いんだ。強そうな名前してんのに,ぐあ……,くっ、離せ！,たっ、退却ー！
61,ブリッジ,15,25,20,430,0,5,5,7,0,5,2,5,0,250,150,220,0,250,100,180,8,15,300,15,150,1500,300,1,0,30,57,118,0,-1,61,,631_fv_magicleaderA,bv_magicleader,bv_magicsoldier,きもい見た目してるよなぁ。見てたらムカついてきた。げしっ、げしっ！,うぎゃーーーー,くっ、離せ！,たっ、退却ー！
62,シオドア,15,30,20,430,0,5,5,7,0,5,2,5,0,250,150,220,0,300,100,180,8,15,300,15,150,1500,300,1,0,30,57,118,0,-1,62,,631_fv_magicleaderA,bv_magicleader,bv_magicsoldier,名前だけなんか強そう,ぐあ……,くっ、離せ！,たっ、退却ー！
63,チュン,20,30,20,430,0,5,5,7,0,5,2,5,0,250,150,220,0,280,100,180,8,15,300,15,150,1500,250,1,0,30,57,118,0,-1,63,,631_fv_magicleaderA,bv_magicleader,bv_magicsoldier,弱そう。なんだチュンって。小鳥の鳴き声じゃないんだから,くそぉ……,くっ、離せ！,たっ、退却ー！
64,テンパイ,20,40,20,430,0,5,5,7,0,5,2,5,0,250,150,220,0,300,100,180,8,15,300,15,150,1500,250,1,0,30,57,118,0,-1,64,,631_fv_magicleaderA,bv_magicleader,bv_magicsoldier,誰だっけ,うぎゃーーーー,くっ、離せ！,たっ、退却ー！
,トリアイナ領モブ,,,,,,,,,,,,,,,,,,,,,,,,,,,,,,,,,,,,,,,,,,,
65,ガリガ,30,-1,15,820,150,0,120,100,15,0,12,10,370,0,370,250,370,0,370,250,12,10,500,10,120,1000,1045,1,0,58,131,121,0,-1,65,,633_fv_mendakoleaderA,bv_mendakoleader,bv_mendakosoldier,,,,
66,しろくま,30,-1,15,820,150,0,120,100,15,0,12,10,370,0,370,250,370,0,370,250,12,10,500,10,120,1000,1045,1,0,58,131,121,0,-1,66,,633_fv_mendakoleaderA,bv_mendakoleader,bv_mendakosoldier,,,,
67,イヌイ,30,-1,15,820,150,0,120,100,15,0,12,10,370,0,370,250,370,0,370,250,12,10,500,10,120,1000,1045,1,0,58,131,121,0,-1,67,,633_fv_mendakoleaderA,bv_mendakoleader,bv_mendakosoldier,,,,
68,アイヌ,30,-1,15,820,150,0,120,100,15,0,12,10,370,0,370,250,370,0,370,250,12,10,500,10,120,1000,1045,1,0,58,131,121,0,-1,68,,633_fv_mendakoleaderA,bv_mendakoleader,bv_mendakosoldier,,,,
69,シャクシャン,30,-1,15,820,150,0,120,100,15,0,12,10,370,0,370,250,370,0,370,250,12,10,500,10,120,1000,1045,1,0,58,131,121,0,-1,69,,633_fv_mendakoleaderA,bv_mendakoleader,bv_mendakosoldier,,,,
70,ダイヤー,30,-1,15,820,150,0,120,100,15,0,12,10,370,0,370,250,370,0,370,250,12,10,500,10,120,1000,1045,1,0,58,131,121,0,-1,70,,633_fv_mendakoleaderA,bv_mendakoleader,bv_mendakosoldier,,,,
71,ポール,30,-1,15,820,150,0,120,100,15,0,12,10,370,0,370,250,370,0,370,250,12,10,500,10,120,1000,1045,1,0,58,131,121,0,-1,71,,633_fv_mendakoleaderA,bv_mendakoleader,bv_mendakosoldier,,,,
72,ジョン,30,-1,15,820,150,0,120,100,15,0,12,10,370,0,370,250,370,0,370,250,12,10,500,10,120,1000,1045,1,0,58,131,121,0,-1,72,,633_fv_mendakoleaderA,bv_mendakoleader,bv_mendakosoldier,,,,
73,リンゴォ,30,-1,15,820,150,0,120,100,15,0,12,10,370,0,370,250,370,0,370,250,12,10,500,10,120,1000,1045,1,0,58,131,121,0,-1,73,,633_fv_mendakoleaderA,bv_mendakoleader,bv_mendakosoldier,,,,
74,ジョージ,30,-1,15,820,150,0,120,100,15,0,12,10,370,0,370,250,370,0,370,250,12,10,500,10,120,1000,1045,1,0,58,131,121,0,-1,74,,633_fv_mendakoleaderA,bv_mendakoleader,bv_mendakosoldier,,,,
75,ミッチェル,30,-1,15,820,150,0,120,100,15,0,12,10,370,0,370,250,370,0,370,250,12,10,500,10,120,1000,1045,1,0,58,131,121,0,-1,75,,633_fv_mendakoleaderA,bv_mendakoleader,bv_mendakosoldier,,,,
76,ゆきおんな,30,-1,15,820,150,0,120,100,15,0,12,10,370,0,370,250,370,0,370,250,12,10,500,10,120,1000,1045,1,0,58,131,121,0,-1,76,,633_fv_mendakoleaderA,bv_mendakoleader,bv_mendakosoldier,,,,
77,どろどろ,30,-1,15,820,150,0,120,100,15,0,12,10,370,0,370,250,370,0,370,250,12,10,500,10,120,1000,1045,1,0,58,131,121,0,-1,77,,633_fv_mendakoleaderA,bv_mendakoleader,bv_mendakosoldier,,,,
78,かまいたち,30,-1,15,820,150,0,120,100,15,0,12,10,370,0,370,250,370,0,370,250,12,10,500,10,120,1000,1045,1,0,58,131,121,0,-1,78,,633_fv_mendakoleaderA,bv_mendakoleader,bv_mendakosoldier,,,,
79,シベリア,21,167,357,17,294,0,315,231,168,0,168,105,14,0,15,11,8,0,8,5,294,17,14,15,84,4,1500,1,0,58,131,121,0,-1,79,,633_fv_mendakoleaderA,bv_mendakoleader,bv_mendakosoldier,,,,
80,サムイ,26,120,260,10,0,312,208,390,0,260,130,260,0,12,8,15,0,10,5,10,338,16,13,15,104,4,500,1,0,30,57,118,0,-1,80,,631_fv_magicleaderA,bv_magicleader,bv_magicsoldier,,,,
81,コゴエル,25,134,350,14,325,0,325,250,200,0,200,125,13,0,13,10,8,0,8,5,250,14,10,15,100,4,1500,1,0,58,131,121,0,-1,81,,633_fv_mendakoleaderA,bv_mendakoleader,bv_mendakosoldier,,,,
82,シバレル,23,146,161,7,0,253,207,368,0,230,115,230,0,11,9,16,0,10,5,10,299,10,13,15,92,4,600,1,0,30,57,118,0,-1,82,,631_fv_magicleaderA,bv_magicleader,bv_magicsoldier,,,,
83,ヒャッコイ,26,149,286,11,390,0,364,260,208,0,208,130,15,0,14,10,8,0,8,5,286,9,11,15,104,4,1600,1,0,58,131,121,0,-1,83,,633_fv_mendakoleaderA,bv_mendakoleader,bv_mendakosoldier,,,,
,オリヴィア領モブ,,,,,,,,,,,,,,,,,,,,,,,,,,,,,,,,,,,,,,,,,,,
84,ぼたん,30,-1,15,820,150,0,120,100,15,0,12,10,370,0,370,250,370,0,370,250,12,10,500,10,120,1000,1045,1,0,58,131,121,0,-1,84,,633_fv_mendakoleaderA,bv_mendakoleader,bv_mendakosoldier,,,,
85,チェリーボイ,30,-1,15,820,150,0,120,100,15,0,12,10,370,0,370,250,370,0,370,250,12,10,500,10,120,1000,1045,1,0,58,131,121,0,-1,85,,633_fv_mendakoleaderA,bv_mendakoleader,bv_mendakosoldier,,,,
86,ココローズ,30,-1,15,820,150,0,120,100,15,0,12,10,370,0,370,250,370,0,370,250,12,10,500,10,120,1000,1045,1,0,58,131,121,0,-1,86,,633_fv_mendakoleaderA,bv_mendakoleader,bv_mendakosoldier,,,,
87,ワラビー,30,-1,15,820,150,0,120,100,15,0,12,10,370,0,370,250,370,0,370,250,12,10,500,10,120,1000,1045,1,0,58,131,121,0,-1,87,,633_fv_mendakoleaderA,bv_mendakoleader,bv_mendakosoldier,,,,
88,ゼンマイ,30,-1,15,820,150,0,120,100,15,0,12,10,370,0,370,250,370,0,370,250,12,10,500,10,120,1000,1045,1,0,58,131,121,0,-1,88,,633_fv_mendakoleaderA,bv_mendakoleader,bv_mendakosoldier,,,,
89,パンジャ,30,-1,15,820,150,0,120,100,15,0,12,10,370,0,370,250,370,0,370,250,12,10,500,10,120,1000,1045,1,0,58,131,121,0,-1,89,,633_fv_mendakoleaderA,bv_mendakoleader,bv_mendakosoldier,,,,
90,すずらん,30,-1,15,820,150,0,120,100,15,0,12,10,370,0,370,250,370,0,370,250,12,10,500,10,120,1000,1045,1,0,58,131,121,0,-1,90,,633_fv_mendakoleaderA,bv_mendakoleader,bv_mendakosoldier,,,,
91,ミル,30,-1,15,820,150,0,120,100,15,0,12,10,370,0,370,250,370,0,370,250,12,10,500,10,120,1000,1045,1,0,58,131,121,0,-1,91,,633_fv_mendakoleaderA,bv_mendakoleader,bv_mendakosoldier,,,,
92,ミリ,30,-1,15,820,150,0,120,100,15,0,12,10,370,0,370,250,370,0,370,250,12,10,500,10,120,1000,1045,1,0,58,131,121,0,-1,92,,633_fv_mendakoleaderA,bv_mendakoleader,bv_mendakosoldier,,,,
93,ミラ,30,-1,15,820,150,0,120,100,15,0,12,10,370,0,370,250,370,0,370,250,12,10,500,10,120,1000,1045,1,0,58,131,121,0,-1,93,,633_fv_mendakoleaderA,bv_mendakoleader,bv_mendakosoldier,,,,
94,ミミ,23,191,345,15,299,0,322,184,299,0,299,184,13,0,14,8,13,0,13,8,345,16,15,15,92,4,1500,1,0,59,23,122,1,-1,94,,634_fv_leadersoldierA,bv_leadersoldire,bv_slave,,,,
95,コスモス,37,167,592,16,444,0,481,370,481,0,481,296,12,0,13,10,13,0,13,8,555,15,15,15,148,4,1000,1,0,59,23,122,1,-1,95,,634_fv_leadersoldierA,bv_leadersoldire,bv_slave,,,,
96,ジミー,35,107,490,14,490,0,525,350,280,0,280,175,14,0,15,10,8,0,8,5,525,12,15,15,140,4,1300,1,0,58,131,121,0,-1,96,,633_fv_mendakoleaderA,bv_mendakoleader,bv_mendakosoldier,,,,
97,ツェップ,38,178,228,6,0,494,342,570,0,380,190,380,0,13,9,15,0,10,5,10,570,14,15,15,152,4,600,1,0,30,57,118,0,-1,97,,631_fv_magicleaderA,bv_magicleader,bv_magicsoldier,,,,
98,トマト,38,189,380,10,0,456,304,532,0,380,190,380,0,12,8,14,0,10,5,10,380,15,10,15,152,4,500,1,0,30,57,118,0,-1,98,,631_fv_magicleaderA,bv_magicleader,bv_magicsoldier,,,,
99,ポポ,28,127,364,13,420,0,448,252,504,0,504,336,15,0,16,9,18,0,18,12,364,15,13,15,112,4,100,1,0,58,131,123,2,-1,99,,633_fv_mendakoleaderA,bv_mendakoleader,bv_golem,,,,
100,ダンデ,21,105,336,16,252,0,315,168,378,0,378,252,12,0,15,8,18,0,18,12,231,15,11,15,84,4,200,1,0,58,131,123,2,-1,100,,633_fv_mendakoleaderA,bv_mendakoleader,bv_golem,,,,
101,ききょう,30,-1,15,820,150,0,120,100,15,0,12,10,370,0,370,250,370,0,370,250,12,10,500,10,120,1000,1045,1,0,58,131,121,0,-1,101,,633_fv_mendakoleaderA,bv_mendakoleader,bv_mendakosoldier,,,,
,ベガ領モブ,,,,,,,,,,,,,,,,,,,,,,,,,,,,,,,,,,,,,,,,,,,
102,キキ,30,-1,15,820,150,0,120,100,15,0,12,10,370,0,370,250,370,0,370,250,12,10,500,10,120,1000,1045,1,0,58,131,121,0,-1,102,,635_fv_dragonleaderA,bv_dragonleader,bv_dragon,,,,
103,ピピ,30,-1,15,820,150,0,120,100,15,0,12,10,370,0,370,250,370,0,370,250,12,10,500,10,120,1000,1045,1,0,58,131,121,0,-1,103,,635_fv_dragonleaderA,bv_dragonleader,bv_dragon,,,,
104,ボボ,30,-1,15,820,150,0,120,100,15,0,12,10,370,0,370,250,370,0,370,250,12,10,500,10,120,1000,1045,1,0,58,131,121,0,-1,104,,635_fv_dragonleaderA,bv_dragonleader,bv_dragon,,,,
105,ダダ,30,-1,15,820,150,0,120,100,15,0,12,10,370,0,370,250,370,0,370,250,12,10,500,10,120,1000,1045,1,0,58,131,121,0,-1,105,,635_fv_dragonleaderA,bv_dragonleader,bv_dragon,,,,
106,ジジ,30,-1,15,820,150,0,120,100,15,0,12,10,370,0,370,250,370,0,370,250,12,10,500,10,120,1000,1045,1,0,58,131,121,0,-1,106,,635_fv_dragonleaderA,bv_dragonleader,bv_dragon,,,,
107,ギギ,30,-1,15,820,150,0,120,100,15,0,12,10,370,0,370,250,370,0,370,250,12,10,500,10,120,1000,1045,1,0,58,131,121,0,-1,107,,635_fv_dragonleaderA,bv_dragonleader,bv_dragon,,,,
108,ガガ,30,-1,15,820,150,0,120,100,15,0,12,10,370,0,370,250,370,0,370,250,12,10,500,10,120,1000,1045,1,0,58,131,121,0,-1,108,,635_fv_dragonleaderA,bv_dragonleader,bv_dragon,,,,
109,ディディ,30,-1,15,820,150,0,120,100,15,0,12,10,370,0,370,250,370,0,370,250,12,10,500,10,120,1000,1045,1,0,58,131,121,0,-1,109,,635_fv_dragonleaderA,bv_dragonleader,bv_dragon,,,,
110,ビビ,30,-1,15,820,150,0,120,100,15,0,12,10,370,0,370,250,370,0,370,250,12,10,500,10,120,1000,1045,1,0,58,131,121,0,-1,110,,635_fv_dragonleaderA,bv_dragonleader,bv_dragon,,,,
111,ズズ,30,-1,15,820,150,0,120,100,15,0,12,10,370,0,370,250,370,0,370,250,12,10,500,10,120,1000,1045,1,0,58,131,121,0,-1,111,,635_fv_dragonleaderA,bv_dragonleader,bv_dragon,,,,
112,ベベ,30,-1,15,820,150,0,120,100,15,0,12,10,370,0,370,250,370,0,370,250,12,10,500,10,120,1000,1045,1,0,58,131,121,0,-1,112,,635_fv_dragonleaderA,bv_dragonleader,bv_dragon,,,,
113,トト,30,-1,15,820,150,0,120,100,15,0,12,10,370,0,370,250,370,0,370,250,12,10,500,10,120,1000,1045,1,0,58,131,121,0,-1,113,,635_fv_dragonleaderA,bv_dragonleader,bv_dragon,,,,
114,ココ,30,-1,15,820,150,0,120,100,15,0,12,10,370,0,370,250,370,0,370,250,12,10,500,10,120,1000,1045,1,0,58,131,121,0,-1,114,,635_fv_dragonleaderA,bv_dragonleader,bv_dragon,,,,
115,アルバトロス,30,-1,15,820,150,0,120,100,15,0,12,10,370,0,370,250,370,0,370,250,12,10,500,10,120,1000,1045,1,0,58,131,121,0,-1,115,,634_fv_leadersoldierA,bv_leadersoldire,bv_pterosaur,,,,
116,ツェッペリン,30,-1,15,820,150,0,120,100,15,0,12,10,370,0,370,250,370,0,370,250,12,10,500,10,120,1000,1045,1,0,58,131,121,0,-1,116,,634_fv_leadersoldierA,bv_leadersoldire,bv_pterosaur,,,,
117,ゼロ,30,-1,15,820,150,0,120,100,15,0,12,10,370,0,370,250,370,0,370,250,12,10,500,10,120,1000,1045,1,0,58,131,121,0,-1,117,,634_fv_leadersoldierA,bv_leadersoldire,bv_pterosaur,,,,
118,ヘルキャット,30,-1,15,820,150,0,120,100,15,0,12,10,370,0,370,250,370,0,370,250,12,10,500,10,120,1000,1045,1,0,58,131,121,0,-1,118,,634_fv_leadersoldierA,bv_leadersoldire,bv_pterosaur,,,,
119,コメート,30,-1,15,820,150,0,120,100,15,0,12,10,370,0,370,250,370,0,370,250,12,10,500,10,120,1000,1045,1,0,58,131,121,0,-1,119,,634_fv_leadersoldierA,bv_leadersoldire,bv_pterosaur,,,,
120,シュースイ,30,-1,15,820,150,0,120,100,15,0,12,10,370,0,370,250,370,0,370,250,12,10,500,10,120,1000,1045,1,0,58,131,121,0,-1,120,,634_fv_leadersoldierA,bv_leadersoldire,bv_pterosaur,,,,
,シャルロッテ領モブ,,,,,,,,,,,,,,,,,,,,,,,,,,,,,,,,,,,,,,,,,,,
121,トパーズ,30,-1,15,820,150,0,120,100,15,0,12,10,370,0,370,250,370,0,370,250,12,10,500,10,120,1000,1045,1,0,58,131,121,0,-1,121,,634_fv_leadersoldierA,bv_leadersoldire,bv_slave,,,,
122,オパール,30,-1,15,820,150,0,120,100,15,0,12,10,370,0,370,250,370,0,370,250,12,10,500,10,120,1000,1045,1,0,58,131,121,0,-1,122,,634_fv_leadersoldierA,bv_leadersoldire,bv_slave,,,,
123,ルビィ,30,-1,15,820,150,0,120,100,15,0,12,10,370,0,370,250,370,0,370,250,12,10,500,10,120,1000,1045,1,0,58,131,121,0,-1,123,,634_fv_leadersoldierA,bv_leadersoldire,bv_slave,,,,
124,ターコイズ,30,-1,15,820,150,0,120,100,15,0,12,10,370,0,370,250,370,0,370,250,12,10,500,10,120,1000,1045,1,0,58,131,121,0,-1,124,,634_fv_leadersoldierA,bv_leadersoldire,bv_slave,,,,
125,アメジスト,30,-1,15,820,150,0,120,100,15,0,12,10,370,0,370,250,370,0,370,250,12,10,500,10,120,1000,1045,1,0,58,131,121,0,-1,125,,634_fv_leadersoldierA,bv_leadersoldire,bv_slave,,,,
126,パール,30,-1,15,820,150,0,120,100,15,0,12,10,370,0,370,250,370,0,370,250,12,10,500,10,120,1000,1045,1,0,58,131,121,0,-1,126,,634_fv_leadersoldierA,bv_leadersoldire,bv_slave,,,,
127,エメラルド,30,-1,15,820,150,0,120,100,15,0,12,10,370,0,370,250,370,0,370,250,12,10,500,10,120,1000,1045,1,0,58,131,121,0,-1,127,,634_fv_leadersoldierA,bv_leadersoldire,bv_slave,,,,
128,サファイヤ,30,-1,15,820,150,0,120,100,15,0,12,10,370,0,370,250,370,0,370,250,12,10,500,10,120,1000,1045,1,0,58,131,121,0,-1,128,,634_fv_leadersoldierA,bv_leadersoldire,bv_slave,,,,
129,ジャンヌ4世,30,-1,15,820,150,0,120,100,15,0,12,10,370,0,370,250,370,0,370,250,12,10,500,10,120,1000,1045,1,0,58,131,121,0,-1,129,,634_fv_leadersoldierA,bv_leadersoldire,bv_slave,,,,
130,エルヴィラ,30,-1,15,820,150,0,120,100,15,0,12,10,370,0,370,250,370,0,370,250,12,10,500,10,120,1000,1045,1,0,58,131,121,0,-1,130,,634_fv_leadersoldierA,bv_leadersoldire,bv_slave,,,,
131,マリー2世,30,-1,15,820,150,0,120,100,15,0,12,10,370,0,370,250,370,0,370,250,12,10,500,10,120,1000,1045,1,0,58,131,121,0,-1,131,,634_fv_leadersoldierA,bv_leadersoldire,bv_slave,,,,
132,ワルプルガ,30,-1,15,820,150,0,120,100,15,0,12,10,370,0,370,250,370,0,370,250,12,10,500,10,120,1000,1045,1,0,58,131,121,0,-1,132,,634_fv_leadersoldierA,bv_leadersoldire,bv_magicsoldier,,,,
133,ヒミコ13世,30,-1,15,820,150,0,120,100,15,0,12,10,370,0,370,250,370,0,370,250,12,10,500,10,120,1000,1045,1,0,58,131,121,0,-1,133,,634_fv_leadersoldierA,bv_leadersoldire,bv_magicsoldier,,,,
134,パトラ,30,-1,15,820,150,0,120,100,15,0,12,10,370,0,370,250,370,0,370,250,12,10,500,10,120,1000,1045,1,0,58,131,121,0,-1,134,,634_fv_leadersoldierA,bv_leadersoldire,bv_magicsoldier,,,,
135,メディチ3世,30,-1,15,820,150,0,120,100,15,0,12,10,370,0,370,250,370,0,370,250,12,10,500,10,120,1000,1045,1,0,58,131,121,0,-1,135,,634_fv_leadersoldierA,bv_leadersoldire,bv_magicsoldier,,,,
136,コモドーラ,30,-1,15,820,150,0,120,100,15,0,12,10,370,0,370,250,370,0,370,250,12,10,500,10,120,1000,1045,1,0,58,131,121,0,-1,136,,634_fv_leadersoldierA,bv_leadersoldire,bv_magicsoldier,,,,
137,コモドーレ,30,-1,15,820,150,0,120,100,15,0,12,10,370,0,370,250,370,0,370,250,12,10,500,10,120,1000,1045,1,0,58,131,121,0,-1,137,,634_fv_leadersoldierA,bv_leadersoldire,bv_magicsoldier,,,,
138,コモドーロ,30,-1,15,820,150,0,120,100,15,0,12,10,370,0,370,250,370,0,370,250,12,10,500,10,120,1000,1045,1,0,58,131,121,0,-1,138,,634_fv_leadersoldierA,bv_leadersoldire,bv_magicsoldier,,,,
139,コモドール,30,-1,15,820,150,0,120,100,15,0,12,10,370,0,370,250,370,0,370,250,12,10,500,10,120,1000,1045,1,0,58,131,121,0,-1,139,,634_fv_leadersoldierA,bv_leadersoldire,bv_magicsoldier,,,,
,リリィ領モブ,,,,,,,,,,,,,,,,,,,,,,,,,,,,,,,,,,,,,,,,,,,
140,アスモダーイ,30,-1,15,820,150,0,120,100,15,0,12,10,370,0,370,250,370,0,370,250,12,10,500,10,120,1000,1045,1,0,58,131,121,0,-1,140,,632_fv_devilleaderA,bv_devilleader,bv_zombi,,,,
141,ニコルソン,30,-1,15,820,150,0,120,100,15,0,12,10,370,0,370,250,370,0,370,250,12,10,500,10,120,1000,1045,1,0,58,131,121,0,-1,141,,632_fv_devilleaderA,bv_devilleader,bv_zombi,,,,
142,サターン,30,-1,15,820,150,0,120,100,15,0,12,10,370,0,370,250,370,0,370,250,12,10,500,10,120,1000,1045,1,0,58,131,121,0,-1,142,,632_fv_devilleaderA,bv_devilleader,bv_zombi,,,,
143,ベリアル,30,-1,15,820,150,0,120,100,15,0,12,10,370,0,370,250,370,0,370,250,12,10,500,10,120,1000,1045,1,0,58,131,121,0,-1,143,,632_fv_devilleaderA,bv_devilleader,bv_zombi,,,,
144,ベルヘゴー,30,-1,15,820,150,0,120,100,15,0,12,10,370,0,370,250,370,0,370,250,12,10,500,10,120,1000,1045,1,0,58,131,121,0,-1,144,,632_fv_devilleaderA,bv_devilleader,bv_zombi,,,,
145,マモン,30,-1,15,820,150,0,120,100,15,0,12,10,370,0,370,250,370,0,370,250,12,10,500,10,120,1000,1045,1,0,58,131,121,0,-1,145,,632_fv_devilleaderA,bv_devilleader,bv_zombi,,,,
146,グリゴリー,30,-1,15,820,150,0,120,100,15,0,12,10,370,0,370,250,370,0,370,250,12,10,500,10,120,1000,1045,1,0,58,131,121,0,-1,146,,632_fv_devilleaderA,bv_devilleader,bv_zombi,,,,
147,ベヒーモス,30,-1,15,820,150,0,120,100,15,0,12,10,370,0,370,250,370,0,370,250,12,10,500,10,120,1000,1045,1,0,58,131,121,0,-1,147,,632_fv_devilleaderA,bv_devilleader,bv_zombi,,,,
148,レヴァイアタン,30,-1,15,820,150,0,120,100,15,0,12,10,370,0,370,250,370,0,370,250,12,10,500,10,120,1000,1045,1,0,58,131,121,0,-1,148,,632_fv_devilleaderA,bv_devilleader,bv_zombi,,,,
149,ティアマット,30,-1,15,820,150,0,120,100,15,0,12,10,370,0,370,250,370,0,370,250,12,10,500,10,120,1000,1045,1,0,58,131,121,0,-1,149,,632_fv_devilleaderA,bv_devilleader,bv_zombi,,,,
150,クンナ,30,-1,15,820,150,0,120,100,15,0,12,10,370,0,370,250,370,0,370,250,12,10,500,10,120,1000,1045,1,0,58,131,121,0,-1,150,,632_fv_devilleaderA,bv_devilleader,bv_zombi,,,,
151,オーガー,30,-1,15,820,150,0,120,100,15,0,12,10,370,0,370,250,370,0,370,250,12,10,500,10,120,1000,1045,1,0,58,131,121,0,-1,151,,632_fv_devilleaderA,bv_devilleader,bv_zombi,,,,
152,エキドナ,30,-1,15,820,150,0,120,100,15,0,12,10,370,0,370,250,370,0,370,250,12,10,500,10,120,1000,1045,1,0,58,131,121,0,-1,152,,632_fv_devilleaderA,bv_devilleader,bv_zombi,,,,
153,ティポーン,30,-1,15,820,150,0,120,100,15,0,12,10,370,0,370,250,370,0,370,250,12,10,500,10,120,1000,1045,1,0,58,131,121,0,-1,153,,632_fv_devilleaderA,bv_devilleader,bv_zombi,,,,
154,フンバーバ,30,-1,15,820,150,0,120,100,15,0,12,10,370,0,370,250,370,0,370,250,12,10,500,10,120,1000,1045,1,0,58,131,121,0,-1,154,,632_fv_devilleaderA,bv_devilleader,bv_zombi,,,,
155,パズズ,30,-1,15,820,150,0,120,100,15,0,12,10,370,0,370,250,370,0,370,250,12,10,500,10,120,1000,1045,1,0,58,131,121,0,-1,155,,632_fv_devilleaderA,bv_devilleader,bv_zombi,,,,
156,ガーゴイル,30,-1,15,820,150,0,120,100,15,0,12,10,370,0,370,250,370,0,370,250,12,10,500,10,120,1000,1045,1,0,58,131,121,0,-1,156,,632_fv_devilleaderA,bv_devilleader,bv_zombi,,,,
157,アシュラ,30,-1,15,820,150,0,120,100,15,0,12,10,370,0,370,250,370,0,370,250,12,10,500,10,120,1000,1045,1,0,58,131,121,0,-1,157,,632_fv_devilleaderA,bv_devilleader,bv_zombi,,,,
158,アーリマン,30,-1,15,820,150,0,120,100,15,0,12,10,370,0,370,250,370,0,370,250,12,10,500,10,120,1000,1045,1,0,58,131,121,0,-1,158,,632_fv_devilleaderA,bv_devilleader,bv_zombi,,,,
,ヴェロニカ領モブ,,,,,,,,,,,,,,,,,,,,,,,,,,,,,,,,,,,,,,,,,,,
159,ユリエ,30,-1,15,820,150,0,120,100,15,0,12,10,370,0,370,250,370,0,370,250,12,10,500,10,120,1000,1045,1,0,58,131,121,0,-1,159,,634_fv_leadersoldierA,bv_leadersoldire,bv_slave,,,,
160,ミハイル,30,-1,15,820,150,0,120,100,15,0,12,10,370,0,370,250,370,0,370,250,12,10,500,10,120,1000,1045,1,0,58,131,121,0,-1,160,,649_fv_majinA,bv_majin,bv_neomagicsoldier,,,,
161,ラファエロ,30,-1,15,820,150,0,120,100,15,0,12,10,370,0,370,250,370,0,370,250,12,10,500,10,120,1000,1045,1,0,58,131,121,0,-1,161,,649_fv_majinA,bv_majin,bv_neomagicsoldier,,,,
162,レリエル,30,-1,15,820,150,0,120,100,15,0,12,10,370,0,370,250,370,0,370,250,12,10,500,10,120,1000,1045,1,0,58,131,121,0,-1,162,,649_fv_majinA,bv_majin,bv_neomagicsoldier,,,,
163,ギブリール,30,-1,15,820,150,0,120,100,15,0,12,10,370,0,370,250,370,0,370,250,12,10,500,10,120,1000,1045,1,0,58,131,121,0,-1,163,,649_fv_majinA,bv_majin,bv_neomagicsoldier,,,,
164,ミカイル,30,-1,15,820,150,0,120,100,15,0,12,10,370,0,370,250,370,0,370,250,12,10,500,10,120,1000,1045,1,0,58,131,121,0,-1,164,,649_fv_majinA,bv_majin,bv_neomagicsoldier,,,,
165,メル,30,-1,15,820,150,0,120,100,15,0,12,10,370,0,370,250,370,0,370,250,12,10,500,10,120,1000,1045,1,0,58,131,121,0,-1,165,,649_fv_majinA,bv_majin,bv_neomagicsoldier,,,,
166,トゥトゥーリア,30,-1,15,820,150,0,120,100,15,0,12,10,370,0,370,250,370,0,370,250,12,10,500,10,120,1000,1045,1,0,58,131,121,0,-1,166,,634_fv_leadersoldierA,bv_leadersoldire,bv_slave,,,,
167,ロロ,30,-1,15,820,150,0,120,100,15,0,12,10,370,0,370,250,370,0,370,250,12,10,500,10,120,1000,1045,1,0,58,131,121,0,-1,167,,634_fv_leadersoldierA,bv_leadersoldire,bv_slave,,,,
168,アーシェ,30,-1,15,820,150,0,120,100,15,0,12,10,370,0,370,250,370,0,370,250,12,10,500,10,120,1000,1045,1,0,58,131,121,0,-1,168,,634_fv_leadersoldierA,bv_leadersoldire,bv_slave,,,,
169,シャリー,30,-1,15,820,150,0,120,100,15,0,12,10,370,0,370,250,370,0,370,250,12,10,500,10,120,1000,1045,1,0,58,131,121,0,-1,169,,634_fv_leadersoldierA,bv_leadersoldire,bv_slave,,,,
170,エスカップ,30,-1,15,820,150,0,120,100,15,0,12,10,370,0,370,250,370,0,370,250,12,10,500,10,120,1000,1045,1,0,58,131,121,0,-1,170,,632_fv_devilleaderA,bv_devilleader,bv_devil,,,,
171,レグザ,30,-1,15,820,150,0,120,100,15,0,12,10,370,0,370,250,370,0,370,250,12,10,500,10,120,1000,1045,1,0,58,131,121,0,-1,171,,632_fv_devilleaderA,bv_devilleader,bv_devil,,,,
172,ディーガ,30,-1,15,820,150,0,120,100,15,0,12,10,370,0,370,250,370,0,370,250,12,10,500,10,120,1000,1045,1,0,58,131,121,0,-1,172,,632_fv_devilleaderA,bv_devilleader,bv_devil,,,,
173,ブラビア,30,-1,15,820,150,0,120,100,15,0,12,10,370,0,370,250,370,0,370,250,12,10,500,10,120,1000,1045,1,0,58,131,121,0,-1,173,,632_fv_devilleaderA,bv_devilleader,bv_devil,,,,
174,ビクトリカ,30,-1,15,820,150,0,120,100,15,0,12,10,370,0,370,250,370,0,370,250,12,10,500,10,120,1000,1045,1,0,58,131,121,0,-1,174,,634_fv_leadersoldierA,bv_leadersoldire,bv_slave,,,,
175,クージョ,30,-1,15,820,150,0,120,100,15,0,12,10,370,0,370,250,370,0,370,250,12,10,500,10,120,1000,1045,1,0,58,131,121,0,-1,175,,634_fv_leadersoldierA,bv_leadersoldire,bv_slave,,,,
176,アブリル,30,-1,15,820,150,0,120,100,15,0,12,10,370,0,370,250,370,0,370,250,12,10,500,10,120,1000,1045,1,0,58,131,121,0,-1,176,,634_fv_leadersoldierA,bv_leadersoldire,bv_slave,,,,
177,セシル,30,-1,15,820,150,0,120,100,15,0,12,10,370,0,370,250,370,0,370,250,12,10,500,10,120,1000,1045,1,0,58,131,121,0,-1,177,,634_fv_leadersoldierA,bv_leadersoldire,bv_slave,,,,
,ライザ領モブ,,,,,,,,,,,,,,,,,,,,,,,,,,,,,,,,,,,,,,,,,,,
178,ヒドラー,30,-1,15,820,150,0,120,100,15,0,12,10,370,0,370,250,370,0,370,250,12,10,500,10,120,1000,1045,1,0,58,131,121,0,-1,178,,649_fv_majinA,bv_majin,bv_neomagicsoldier,,,,
179,ストーリン,30,-1,15,820,150,0,120,100,15,0,12,10,370,0,370,250,370,0,370,250,12,10,500,10,120,1000,1045,1,0,58,131,121,0,-1,179,,649_fv_majinA,bv_majin,bv_neomagicsoldier,,,,
180,フーティン,30,-1,15,820,150,0,120,100,15,0,12,10,370,0,370,250,370,0,370,250,12,10,500,10,120,1000,1045,1,0,58,131,121,0,-1,180,,649_fv_majinA,bv_majin,bv_neomagicsoldier,,,,
181,クルシチョフ,30,-1,15,820,150,0,120,100,15,0,12,10,370,0,370,250,370,0,370,250,12,10,500,10,120,1000,1045,1,0,58,131,121,0,-1,181,,649_fv_majinA,bv_majin,bv_neomagicsoldier,,,,
182,ギルガメス,30,-1,15,820,150,0,120,100,15,0,12,10,370,0,370,250,370,0,370,250,12,10,500,10,120,1000,1045,1,0,58,131,121,0,-1,182,,634_fv_leadersoldierA,bv_leadersoldire,bv_slave,,,,
183,イスカンダー,30,-1,15,820,150,0,120,100,15,0,12,10,370,0,370,250,370,0,370,250,12,10,500,10,120,1000,1045,1,0,58,131,121,0,-1,183,,634_fv_leadersoldierA,bv_leadersoldire,bv_slave,,,,
184,ムッスリーニ,30,-1,15,820,150,0,120,100,15,0,12,10,370,0,370,250,370,0,370,250,12,10,500,10,120,1000,1045,1,0,58,131,121,0,-1,184,,649_fv_majinA,bv_majin,bv_neomagicsoldier,,,,
185,ジョンウー,30,-1,15,820,150,0,120,100,15,0,12,10,370,0,370,250,370,0,370,250,12,10,500,10,120,1000,1045,1,0,58,131,121,0,-1,185,,649_fv_majinA,bv_majin,bv_neomagicsoldier,,,,
186,ナポレオ,30,-1,15,820,150,0,120,100,15,0,12,10,370,0,370,250,370,0,370,250,12,10,500,10,120,1000,1045,1,0,58,131,121,0,-1,186,,634_fv_leadersoldierA,bv_leadersoldire,bv_slave,,,,
187,ノブナガ,30,-1,15,820,150,0,120,100,15,0,12,10,370,0,370,250,370,0,370,250,12,10,500,10,120,1000,1045,1,0,58,131,121,0,-1,187,,634_fv_leadersoldierA,bv_leadersoldire,bv_slave,,,,
188,ブビライ,30,-1,15,820,150,0,120,100,15,0,12,10,370,0,370,250,370,0,370,250,12,10,500,10,120,1000,1045,1,0,58,131,121,0,-1,188,,634_fv_leadersoldierA,bv_leadersoldire,bv_slave,,,,
189,レニン,30,-1,15,820,150,0,120,100,15,0,12,10,370,0,370,250,370,0,370,250,12,10,500,10,120,1000,1045,1,0,58,131,121,0,-1,189,,649_fv_majinA,bv_majin,bv_neomagicsoldier,,,,
190,モウタク,30,-1,15,820,150,0,120,100,15,0,12,10,370,0,370,250,370,0,370,250,12,10,500,10,120,1000,1045,1,0,58,131,121,0,-1,190,,634_fv_leadersoldierA,bv_leadersoldire,bv_slave,,,,
191,ツクモン,30,-1,15,820,150,0,120,100,15,0,12,10,370,0,370,250,370,0,370,250,12,10,500,10,120,1000,1045,1,0,58,131,121,0,-1,191,,634_fv_leadersoldierA,bv_leadersoldire,bv_slave,,,,
192,アーサー,30,-1,15,820,150,0,120,100,15,0,12,10,370,0,370,250,370,0,370,250,12,10,500,10,120,1000,1045,1,0,58,131,121,0,-1,192,,634_fv_leadersoldierA,bv_leadersoldire,bv_slave,,,,
193,クーポタ,30,-1,15,820,150,0,120,100,15,0,12,10,370,0,370,250,370,0,370,250,12,10,500,10,120,1000,1045,1,0,58,131,121,0,-1,193,,632_fv_devilleaderA,bv_devilleader,bv_devil,,,,
194,HC-001,30,-1,15,820,150,0,120,100,15,0,12,10,370,0,370,250,370,0,370,250,12,10,500,10,120,1000,1045,1,0,58,131,121,0,-1,194,,648_fv_homunculusA,bv_homunculus,,,,,
195,HC-002,30,-1,15,820,150,0,120,100,15,0,12,10,370,0,370,250,370,0,370,250,12,10,500,10,120,1000,1045,1,0,58,131,121,0,-1,195,,648_fv_homunculusA,bv_homunculus,,,,,
196,HC-003,30,-1,15,820,150,0,120,100,15,0,12,10,370,0,370,250,370,0,370,250,12,10,500,10,120,1000,1045,1,0,58,131,121,0,-1,196,,648_fv_homunculusA,bv_homunculus,,,,,
197,HC-004,30,-1,15,820,150,0,120,100,15,0,12,10,370,0,370,250,370,0,370,250,12,10,500,10,120,1000,1045,1,0,58,131,121,0,-1,197,,648_fv_homunculusA,bv_homunculus,,,,,
198,HC-005,30,-1,15,820,150,0,120,100,15,0,12,10,370,0,370,250,370,0,370,250,12,10,500,10,120,1000,1045,1,0,58,131,121,0,-1,198,,648_fv_homunculusA,bv_homunculus,,,,,
199,HC-006,30,-1,15,820,150,0,120,100,15,0,12,10,370,0,370,250,370,0,370,250,12,10,500,10,120,1000,1045,1,0,58,131,121,0,-1,199,,648_fv_homunculusA,bv_homunculus,,,,,
200,HC-007,30,-1,15,820,150,0,120,100,15,0,12,10,370,0,370,250,370,0,370,250,12,10,500,10,120,1000,1045,1,0,58,131,121,0,-1,200,,648_fv_homunculusA,bv_homunculus,,,,,
201,HC-008,30,-1,15,820,150,0,120,100,15,0,12,10,370,0,370,250,370,0,370,250,12,10,500,10,120,1000,1045,1,0,58,131,121,0,-1,201,,648_fv_homunculusA,bv_homunculus,,,,,
202,HC-009,30,-1,15,820,150,0,120,100,15,0,12,10,370,0,370,250,370,0,370,250,12,10,500,10,120,1000,1045,1,0,58,131,121,0,-1,202,,648_fv_homunculusA,bv_homunculus,,,,,
203,HC-010,30,-1,15,820,150,0,120,100,15,0,12,10,370,0,370,250,370,0,370,250,12,10,500,10,120,1000,1045,1,0,58,131,121,0,-1,203,,648_fv_homunculusA,bv_homunculus,,,,,
204,HC-011,30,-1,15,820,150,0,120,100,15,0,12,10,370,0,370,250,370,0,370,250,12,10,500,10,120,1000,1045,1,0,58,131,121,0,-1,204,,648_fv_homunculusA,bv_homunculus,,,,,
205,HC-012,30,-1,15,820,150,0,120,100,15,0,12,10,370,0,370,250,370,0,370,250,12,10,500,10,120,1000,1045,1,0,58,131,121,0,-1,205,,648_fv_homunculusA,bv_homunculus,,,,,
206,HC-013,30,-1,15,820,150,0,120,100,15,0,12,10,370,0,370,250,370,0,370,250,12,10,500,10,120,1000,1045,1,0,58,131,121,0,-1,206,,648_fv_homunculusA,bv_homunculus,,,,,
207,HC-014,30,-1,15,820,150,0,120,100,15,0,12,10,370,0,370,250,370,0,370,250,12,10,500,10,120,1000,1045,1,0,58,131,121,0,-1,207,,648_fv_homunculusA,bv_homunculus,,,,,
208,HC-015,30,-1,15,820,150,0,120,100,15,0,12,10,370,0,370,250,370,0,370,250,12,10,500,10,120,1000,1045,1,0,58,131,121,0,-1,208,,648_fv_homunculusA,bv_homunculus,,,,,
209,HC-016,30,-1,15,820,150,0,120,100,15,0,12,10,370,0,370,250,370,0,370,250,12,10,500,10,120,1000,1045,1,0,58,131,121,0,-1,209,,648_fv_homunculusA,bv_homunculus,,,,,
210,HC-017,30,-1,15,820,150,0,120,100,15,0,12,10,370,0,370,250,370,0,370,250,12,10,500,10,120,1000,1045,1,0,58,131,121,0,-1,210,,648_fv_homunculusA,bv_homunculus,,,,,
211,HC-018,30,-1,15,820,150,0,120,100,15,0,12,10,370,0,370,250,370,0,370,250,12,10,500,10,120,1000,1045,1,0,58,131,121,0,-1,211,,648_fv_homunculusA,bv_homunculus,,,,,
212,HC-019,30,-1,15,820,150,0,120,100,15,0,12,10,370,0,370,250,370,0,370,250,12,10,500,10,120,1000,1045,1,0,58,131,121,0,-1,212,,648_fv_homunculusA,bv_homunculus,,,,,
213,HC-020,30,-1,15,820,150,0,120,100,15,0,12,10,370,0,370,250,370,0,370,250,12,10,500,10,120,1000,1045,1,0,58,131,121,0,-1,213,,648_fv_homunculusA,bv_homunculus,,,,,
214,HC-021,30,-1,15,820,150,0,120,100,15,0,12,10,370,0,370,250,370,0,370,250,12,10,500,10,120,1000,1045,1,0,58,131,121,0,-1,214,,648_fv_homunculusA,bv_homunculus,,,,,
215,HC-022,30,-1,15,820,150,0,120,100,15,0,12,10,370,0,370,250,370,0,370,250,12,10,500,10,120,1000,1045,1,0,58,131,121,0,-1,215,,648_fv_homunculusA,bv_homunculus,,,,,
216,HC-023,30,-1,15,820,150,0,120,100,15,0,12,10,370,0,370,250,370,0,370,250,12,10,500,10,120,1000,1045,1,0,58,131,121,0,-1,216,,648_fv_homunculusA,bv_homunculus,,,,,
217,HC-024,30,-1,15,820,150,0,120,100,15,0,12,10,370,0,370,250,370,0,370,250,12,10,500,10,120,1000,1045,1,0,58,131,121,0,-1,217,,648_fv_homunculusA,bv_homunculus,,,,,
218,HC-025,30,-1,15,820,150,0,120,100,15,0,12,10,370,0,370,250,370,0,370,250,12,10,500,10,120,1000,1045,1,0,58,131,121,0,-1,218,,648_fv_homunculusA,bv_homunculus,,,,,
219,HC-026,30,-1,15,820,150,0,120,100,15,0,12,10,370,0,370,250,370,0,370,250,12,10,500,10,120,1000,1045,1,0,58,131,121,0,-1,219,,648_fv_homunculusA,bv_homunculus,,,,,
220,HC-027,30,-1,15,820,150,0,120,100,15,0,12,10,370,0,370,250,370,0,370,250,12,10,500,10,120,1000,1045,1,0,58,131,121,0,-1,220,,648_fv_homunculusA,bv_homunculus,,,,,
221,HC-028,30,-1,15,820,150,0,120,100,15,0,12,10,370,0,370,250,370,0,370,250,12,10,500,10,120,1000,1045,1,0,58,131,121,0,-1,221,,648_fv_homunculusA,bv_homunculus,,,,,
222,HC-029,30,-1,15,820,150,0,120,100,15,0,12,10,370,0,370,250,370,0,370,250,12,10,500,10,120,1000,1045,1,0,58,131,121,0,-1,222,,648_fv_homunculusA,bv_homunculus,,,,,
223,HC-030,30,-1,15,820,150,0,120,100,15,0,12,10,370,0,370,250,370,0,370,250,12,10,500,10,120,1000,1045,1,0,58,131,121,0,-1,223,,648_fv_homunculusA,bv_homunculus,,,,,
224,HC-031,30,-1,15,820,150,0,120,100,15,0,12,10,370,0,370,250,370,0,370,250,12,10,500,10,120,1000,1045,1,0,58,131,121,0,-1,224,,648_fv_homunculusA,bv_homunculus,,,,,
225,HC-032,30,-1,15,820,150,0,120,100,15,0,12,10,370,0,370,250,370,0,370,250,12,10,500,10,120,1000,1045,1,0,58,131,121,0,-1,225,,648_fv_homunculusA,bv_homunculus,,,,,
226,HC-033,30,-1,15,820,150,0,120,100,15,0,12,10,370,0,370,250,370,0,370,250,12,10,500,10,120,1000,1045,1,0,58,131,121,0,-1,226,,648_fv_homunculusA,bv_homunculus,,,,,
227,HC-034,30,-1,15,820,150,0,120,100,15,0,12,10,370,0,370,250,370,0,370,250,12,10,500,10,120,1000,1045,1,0,58,131,121,0,-1,227,,648_fv_homunculusA,bv_homunculus,,,,,
228,HC-035,30,-1,15,820,150,0,120,100,15,0,12,10,370,0,370,250,370,0,370,250,12,10,500,10,120,1000,1045,1,0,58,131,121,0,-1,228,,648_fv_homunculusA,bv_homunculus,,,,,
229,HC-036,30,-1,15,820,150,0,120,100,15,0,12,10,370,0,370,250,370,0,370,250,12,10,500,10,120,1000,1045,1,0,58,131,121,0,-1,229,,648_fv_homunculusA,bv_homunculus,,,,,
230,HC-037,30,-1,15,820,150,0,120,100,15,0,12,10,370,0,370,250,370,0,370,250,12,10,500,10,120,1000,1045,1,0,58,131,121,0,-1,230,,648_fv_homunculusA,bv_homunculus,,,,,
231,HC-038,30,-1,15,820,150,0,120,100,15,0,12,10,370,0,370,250,370,0,370,250,12,10,500,10,120,1000,1045,1,0,58,131,121,0,-1,231,,648_fv_homunculusA,bv_homunculus,,,,,
232,HC-039,30,-1,15,820,150,0,120,100,15,0,12,10,370,0,370,250,370,0,370,250,12,10,500,10,120,1000,1045,1,0,58,131,121,0,-1,232,,648_fv_homunculusA,bv_homunculus,,,,,
233,HC-040,30,-1,15,820,150,0,120,100,15,0,12,10,370,0,370,250,370,0,370,250,12,10,500,10,120,1000,1045,1,0,58,131,121,0,-1,233,,648_fv_homunculusA,bv_homunculus,,,,,
234,HC-041,30,-1,15,820,150,0,120,100,15,0,12,10,370,0,370,250,370,0,370,250,12,10,500,10,120,1000,1045,1,0,58,131,121,0,-1,234,,648_fv_homunculusA,bv_homunculus,,,,,
235,HC-042,30,-1,15,820,150,0,120,100,15,0,12,10,370,0,370,250,370,0,370,250,12,10,500,10,120,1000,1045,1,0,58,131,121,0,-1,235,,648_fv_homunculusA,bv_homunculus,,,,,
236,HC-043,30,-1,15,820,150,0,120,100,15,0,12,10,370,0,370,250,370,0,370,250,12,10,500,10,120,1000,1045,1,0,58,131,121,0,-1,236,,648_fv_homunculusA,bv_homunculus,,,,,
237,HC-044,30,-1,15,820,150,0,120,100,15,0,12,10,370,0,370,250,370,0,370,250,12,10,500,10,120,1000,1045,1,0,58,131,121,0,-1,237,,648_fv_homunculusA,bv_homunculus,,,,,
238,HC-045,30,-1,15,820,150,0,120,100,15,0,12,10,370,0,370,250,370,0,370,250,12,10,500,10,120,1000,1045,1,0,58,131,121,0,-1,238,,648_fv_homunculusA,bv_homunculus,,,,,
239,HC-046,30,-1,15,820,150,0,120,100,15,0,12,10,370,0,370,250,370,0,370,250,12,10,500,10,120,1000,1045,1,0,58,131,121,0,-1,239,,648_fv_homunculusA,bv_homunculus,,,,,
240,HC-047,30,-1,15,820,150,0,120,100,15,0,12,10,370,0,370,250,370,0,370,250,12,10,500,10,120,1000,1045,1,0,58,131,121,0,-1,240,,648_fv_homunculusA,bv_homunculus,,,,,
241,HC-048,30,-1,15,820,150,0,120,100,15,0,12,10,370,0,370,250,370,0,370,250,12,10,500,10,120,1000,1045,1,0,58,131,121,0,-1,241,,648_fv_homunculusA,bv_homunculus,,,,,
242,HC-049,30,-1,15,820,150,0,120,100,15,0,12,10,370,0,370,250,370,0,370,250,12,10,500,10,120,1000,1045,1,0,58,131,121,0,-1,242,,648_fv_homunculusA,bv_homunculus,,,,,
243,HC-050,30,-1,15,820,150,0,120,100,15,0,12,10,370,0,370,250,370,0,370,250,12,10,500,10,120,1000,1045,1,0,58,131,121,0,-1,243,,648_fv_homunculusA,bv_homunculus,,,,,
244,HC-051,30,-1,15,820,150,0,120,100,15,0,12,10,370,0,370,250,370,0,370,250,12,10,500,10,120,1000,1045,1,0,58,131,121,0,-1,244,,648_fv_homunculusA,bv_homunculus,,,,,
245,HC-052,30,-1,15,820,150,0,120,100,15,0,12,10,370,0,370,250,370,0,370,250,12,10,500,10,120,1000,1045,1,0,58,131,121,0,-1,245,,648_fv_homunculusA,bv_homunculus,,,,,
246,HC-053,30,-1,15,820,150,0,120,100,15,0,12,10,370,0,370,250,370,0,370,250,12,10,500,10,120,1000,1045,1,0,58,131,121,0,-1,246,,648_fv_homunculusA,bv_homunculus,,,,,
247,HC-054,30,-1,15,820,150,0,120,100,15,0,12,10,370,0,370,250,370,0,370,250,12,10,500,10,120,1000,1045,1,0,58,131,121,0,-1,247,,648_fv_homunculusA,bv_homunculus,,,,,
248,HC-055,30,-1,15,820,150,0,120,100,15,0,12,10,370,0,370,250,370,0,370,250,12,10,500,10,120,1000,1045,1,0,58,131,121,0,-1,248,,648_fv_homunculusA,bv_homunculus,,,,,
249,HC-056,30,-1,15,820,150,0,120,100,15,0,12,10,370,0,370,250,370,0,370,250,12,10,500,10,120,1000,1045,1,0,58,131,121,0,-1,249,,648_fv_homunculusA,bv_homunculus,,,,,
250,HC-057,30,-1,15,820,150,0,120,100,15,0,12,10,370,0,370,250,370,0,370,250,12,10,500,10,120,1000,1045,1,0,58,131,121,0,-1,250,,648_fv_homunculusA,bv_homunculus,,,,,
251,HC-058,30,-1,15,820,150,0,120,100,15,0,12,10,370,0,370,250,370,0,370,250,12,10,500,10,120,1000,1045,1,0,58,131,121,0,-1,251,,648_fv_homunculusA,bv_homunculus,,,,,
252,HC-059,30,-1,15,820,150,0,120,100,15,0,12,10,370,0,370,250,370,0,370,250,12,10,500,10,120,1000,1045,1,0,58,131,121,0,-1,252,,648_fv_homunculusA,bv_homunculus,,,,,
253,HC-060,30,-1,15,820,150,0,120,100,15,0,12,10,370,0,370,250,370,0,370,250,12,10,500,10,120,1000,1045,1,0,58,131,121,0,-1,253,,648_fv_homunculusA,bv_homunculus,,,,,
254,HC-061,30,-1,15,820,150,0,120,100,15,0,12,10,370,0,370,250,370,0,370,250,12,10,500,10,120,1000,1045,1,0,58,131,121,0,-1,254,,648_fv_homunculusA,bv_homunculus,,,,,
255,HC-062,30,-1,15,820,150,0,120,100,15,0,12,10,370,0,370,250,370,0,370,250,12,10,500,10,120,1000,1045,1,0,58,131,121,0,-1,255,,648_fv_homunculusA,bv_homunculus,,,,,
256,HC-063,30,-1,15,820,150,0,120,100,15,0,12,10,370,0,370,250,370,0,370,250,12,10,500,10,120,1000,1045,1,0,58,131,121,0,-1,256,,648_fv_homunculusA,bv_homunculus,,,,,
257,HC-064,30,-1,15,820,150,0,120,100,15,0,12,10,370,0,370,250,370,0,370,250,12,10,500,10,120,1000,1045,1,0,58,131,121,0,-1,257,,648_fv_homunculusA,bv_homunculus,,,,,
258,HC-065,30,-1,15,820,150,0,120,100,15,0,12,10,370,0,370,250,370,0,370,250,12,10,500,10,120,1000,1045,1,0,58,131,121,0,-1,258,,648_fv_homunculusA,bv_homunculus,,,,,
259,HC-066,30,-1,15,820,150,0,120,100,15,0,12,10,370,0,370,250,370,0,370,250,12,10,500,10,120,1000,1045,1,0,58,131,121,0,-1,259,,648_fv_homunculusA,bv_homunculus,,,,,
260,HC-067,30,-1,15,820,150,0,120,100,15,0,12,10,370,0,370,250,370,0,370,250,12,10,500,10,120,1000,1045,1,0,58,131,121,0,-1,260,,648_fv_homunculusA,bv_homunculus,,,,,
261,HC-068,30,-1,15,820,150,0,120,100,15,0,12,10,370,0,370,250,370,0,370,250,12,10,500,10,120,1000,1045,1,0,58,131,121,0,-1,261,,648_fv_homunculusA,bv_homunculus,,,,,
262,HC-069,30,-1,15,820,150,0,120,100,15,0,12,10,370,0,370,250,370,0,370,250,12,10,500,10,120,1000,1045,1,0,58,131,121,0,-1,262,,648_fv_homunculusA,bv_homunculus,,,,,
263,HC-070,30,-1,15,820,150,0,120,100,15,0,12,10,370,0,370,250,370,0,370,250,12,10,500,10,120,1000,1045,1,0,58,131,121,0,-1,263,,648_fv_homunculusA,bv_homunculus,,,,,
264,HC-071,30,-1,15,820,150,0,120,100,15,0,12,10,370,0,370,250,370,0,370,250,12,10,500,10,120,1000,1045,1,0,58,131,121,0,-1,264,,648_fv_homunculusA,bv_homunculus,,,,,
265,HC-072,30,-1,15,820,150,0,120,100,15,0,12,10,370,0,370,250,370,0,370,250,12,10,500,10,120,1000,1045,1,0,58,131,121,0,-1,265,,648_fv_homunculusA,bv_homunculus,,,,,
266,HC-073,30,-1,15,820,150,0,120,100,15,0,12,10,370,0,370,250,370,0,370,250,12,10,500,10,120,1000,1045,1,0,58,131,121,0,-1,266,,648_fv_homunculusA,bv_homunculus,,,,,
267,HC-074,30,-1,15,820,150,0,120,100,15,0,12,10,370,0,370,250,370,0,370,250,12,10,500,10,120,1000,1045,1,0,58,131,121,0,-1,267,,648_fv_homunculusA,bv_homunculus,,,,,
268,HC-075,30,-1,15,820,150,0,120,100,15,0,12,10,370,0,370,250,370,0,370,250,12,10,500,10,120,1000,1045,1,0,58,131,121,0,-1,268,,648_fv_homunculusA,bv_homunculus,,,,,
269,HC-076,30,-1,15,820,150,0,120,100,15,0,12,10,370,0,370,250,370,0,370,250,12,10,500,10,120,1000,1045,1,0,58,131,121,0,-1,269,,648_fv_homunculusA,bv_homunculus,,,,,
270,HC-077,30,-1,15,820,150,0,120,100,15,0,12,10,370,0,370,250,370,0,370,250,12,10,500,10,120,1000,1045,1,0,58,131,121,0,-1,270,,648_fv_homunculusA,bv_homunculus,,,,,
271,HC-078,30,-1,15,820,150,0,120,100,15,0,12,10,370,0,370,250,370,0,370,250,12,10,500,10,120,1000,1045,1,0,58,131,121,0,-1,271,,648_fv_homunculusA,bv_homunculus,,,,,
272,HC-079,30,-1,15,820,150,0,120,100,15,0,12,10,370,0,370,250,370,0,370,250,12,10,500,10,120,1000,1045,1,0,58,131,121,0,-1,272,,648_fv_homunculusA,bv_homunculus,,,,,
273,HC-080,30,-1,15,820,150,0,120,100,15,0,12,10,370,0,370,250,370,0,370,250,12,10,500,10,120,1000,1045,1,0,58,131,121,0,-1,273,,648_fv_homunculusA,bv_homunculus,,,,,
274,HC-081,30,-1,15,820,150,0,120,100,15,0,12,10,370,0,370,250,370,0,370,250,12,10,500,10,120,1000,1045,1,0,58,131,121,0,-1,274,,648_fv_homunculusA,bv_homunculus,,,,,
275,HC-082,30,-1,15,820,150,0,120,100,15,0,12,10,370,0,370,250,370,0,370,250,12,10,500,10,120,1000,1045,1,0,58,131,121,0,-1,275,,648_fv_homunculusA,bv_homunculus,,,,,
276,HC-083,30,-1,15,820,150,0,120,100,15,0,12,10,370,0,370,250,370,0,370,250,12,10,500,10,120,1000,1045,1,0,58,131,121,0,-1,276,,648_fv_homunculusA,bv_homunculus,,,,,
277,HC-084,30,-1,15,820,150,0,120,100,15,0,12,10,370,0,370,250,370,0,370,250,12,10,500,10,120,1000,1045,1,0,58,131,121,0,-1,277,,648_fv_homunculusA,bv_homunculus,,,,,
278,HC-085,30,-1,15,820,150,0,120,100,15,0,12,10,370,0,370,250,370,0,370,250,12,10,500,10,120,1000,1045,1,0,58,131,121,0,-1,278,,648_fv_homunculusA,bv_homunculus,,,,,
279,HC-086,30,-1,15,820,150,0,120,100,15,0,12,10,370,0,370,250,370,0,370,250,12,10,500,10,120,1000,1045,1,0,58,131,121,0,-1,279,,648_fv_homunculusA,bv_homunculus,,,,,
280,HC-087,30,-1,15,820,150,0,120,100,15,0,12,10,370,0,370,250,370,0,370,250,12,10,500,10,120,1000,1045,1,0,58,131,121,0,-1,280,,648_fv_homunculusA,bv_homunculus,,,,,
281,HC-088,30,-1,15,820,150,0,120,100,15,0,12,10,370,0,370,250,370,0,370,250,12,10,500,10,120,1000,1045,1,0,58,131,121,0,-1,281,,648_fv_homunculusA,bv_homunculus,,,,,
282,HC-089,30,-1,15,820,150,0,120,100,15,0,12,10,370,0,370,250,370,0,370,250,12,10,500,10,120,1000,1045,1,0,58,131,121,0,-1,282,,648_fv_homunculusA,bv_homunculus,,,,,
283,HC-090,30,-1,15,820,150,0,120,100,15,0,12,10,370,0,370,250,370,0,370,250,12,10,500,10,120,1000,1045,1,0,58,131,121,0,-1,283,,648_fv_homunculusA,bv_homunculus,,,,,
284,HC-091,30,-1,15,820,150,0,120,100,15,0,12,10,370,0,370,250,370,0,370,250,12,10,500,10,120,1000,1045,1,0,58,131,121,0,-1,284,,648_fv_homunculusA,bv_homunculus,,,,,
285,HC-092,30,-1,15,820,150,0,120,100,15,0,12,10,370,0,370,250,370,0,370,250,12,10,500,10,120,1000,1045,1,0,58,131,121,0,-1,285,,648_fv_homunculusA,bv_homunculus,,,,,
286,HC-093,30,-1,15,820,150,0,120,100,15,0,12,10,370,0,370,250,370,0,370,250,12,10,500,10,120,1000,1045,1,0,58,131,121,0,-1,286,,648_fv_homunculusA,bv_homunculus,,,,,
287,HC-094,30,-1,15,820,150,0,120,100,15,0,12,10,370,0,370,250,370,0,370,250,12,10,500,10,120,1000,1045,1,0,58,131,121,0,-1,287,,648_fv_homunculusA,bv_homunculus,,,,,
288,HC-095,30,-1,15,820,150,0,120,100,15,0,12,10,370,0,370,250,370,0,370,250,12,10,500,10,120,1000,1045,1,0,58,131,121,0,-1,288,,648_fv_homunculusA,bv_homunculus,,,,,
289,HC-096,30,-1,15,820,150,0,120,100,15,0,12,10,370,0,370,250,370,0,370,250,12,10,500,10,120,1000,1045,1,0,58,131,121,0,-1,289,,648_fv_homunculusA,bv_homunculus,,,,,
290,HC-097,30,-1,15,820,150,0,120,100,15,0,12,10,370,0,370,250,370,0,370,250,12,10,500,10,120,1000,1045,1,0,58,131,121,0,-1,290,,648_fv_homunculusA,bv_homunculus,,,,,
291,HC-098,30,-1,15,820,150,0,120,100,15,0,12,10,370,0,370,250,370,0,370,250,12,10,500,10,120,1000,1045,1,0,58,131,121,0,-1,291,,648_fv_homunculusA,bv_homunculus,,,,,
292,HC-099,30,-1,15,820,150,0,120,100,15,0,12,10,370,0,370,250,370,0,370,250,12,10,500,10,120,1000,1045,1,0,58,131,121,0,-1,292,,648_fv_homunculusA,bv_homunculus,,,,,
293,HC-100,30,-1,15,820,150,0,120,100,15,0,12,10,370,0,370,250,370,0,370,250,12,10,500,10,120,1000,1045,1,0,58,131,121,0,-1,293,,648_fv_homunculusA,bv_homunculus,,,,,
,イベント用,,,,,,,,,,,,,,,,,,,,,,,,,,,,,,,,,,,,,,,,,,,
294,アリス,10,-1,35,1000,0,18,12,15,0,12,8,12,0,520,270,420,0,900,200,270,12,5,420,5,50,500,0,0,100,0,1,120,0,-1,294,000_cv_aliceA,600_fv_aliceA,bv_alice,bv_neomagicsoldier,イベント用データ,,,ぐ……くそ……
295,ライザ,45,-1,35,1000,0,18,12,15,0,12,8,12,0,520,270,420,0,900,200,270,12,5,420,5,50,500,0,0,100,51,49,120,0,-1,295,027_cv_raisaA,629_fv_raisaA,bv_raisa,bv_majin,イベント用データ,,,お、おい……バグらせやがったな、この……
296,自営団,5,-1,20,430,5,0,7,5,5,0,5,2,250,0,220,150,180,0,180,100,8,15,300,15,150,1500,250,0,0,58,131,121,0,-1,296,,634_fv_leadersoldierA,bv_leadersoldire,bv_mendakosoldier,,,,
,テスト用,,,,,,,,,,,,,,,,,,,,,,,,,,,,,,,,,,,,,,,,,,,
297,T初級物理,30,-1,20,430,5,0,7,5,5,0,5,2,250,0,220,150,180,0,180,100,8,15,300,15,150,1500,1770,1,0,58,131,121,0,-1,297,,633_fv_mendakoleaderA,bv_mendakoleader,bv_mendakosoldier,,,,
298,T中級物理,30,-1,25,550,8,0,8,5,8,0,8,5,400,0,250,180,400,0,250,180,8,10,300,10,100,1000,1180,1,0,58,131,121,1,-1,298,,634_fv_leadersoldierA,bv_leadersoldire,bv_slave,,,,
299,T上級物理,30,-1,30,750,12,0,10,7,12,0,12,8,320,0,270,200,900,0,270,200,8,5,300,5,50,500,590,1,0,58,131,121,1,-1,299,,634_fv_leadersoldierA,bv_leadersoldire,bv_slave,,,,
300,T特上物理,30,-1,45,950,15,0,12,12,15,0,15,12,500,0,500,350,2500,0,580,400,8,3,300,3,25,250,295,1,0,58,131,121,1,-1,300,,634_fv_leadersoldierA,bv_leadersoldire,bv_slave,,,,
301,T初級魔法,30,-1,20,430,0,5,5,7,0,5,2,5,0,250,150,220,0,180,100,180,8,15,300,15,150,1500,1770,1,0,58,131,121,0,-1,301,,631_fv_magicleaderA,bv_magicleader,bv_magicsoldier,,,,
302,T中級魔法,30,-1,25,550,0,8,5,8,0,8,5,8,0,400,180,250,0,400,180,250,8,10,300,10,100,1000,1180,1,0,58,131,121,0,-1,302,,631_fv_magicleaderA,bv_magicleader,bv_magicsoldier,,,,
303,T上級魔法,30,-1,30,750,0,12,7,10,0,12,8,12,0,320,200,270,0,900,200,270,8,5,300,5,50,500,590,1,0,58,131,121,0,-1,303,,631_fv_magicleaderA,bv_magicleader,bv_magicsoldier,,,,
304,T特上魔法,30,-1,45,950,0,15,12,12,0,15,12,15,0,500,350,500,0,2500,400,580,8,3,300,3,25,250,295,1,0,58,131,121,0,-1,304,,631_fv_magicleaderA,bv_magicleader,bv_magicsoldier,,,,
,チュートリアル用,,,,,,,,,,,,,,,,,,,,,,,,,,,,,,,,,,,,,,,,,,,
305,チューター,12,25,20,430,5,0,7,5,5,0,5,2,260,0,250,110,180,0,180,100,8,8,300,8,150,1500,500,1,0,58,23,121,0,-1,305,,634_fv_leadersoldierA,bv_leadersoldire,bv_mendakosoldier,チュートリアル用のキャラのはずだが……、なんで仲間になってるんだ？　お前ひょっとしてバグらせたんじゃ……。,ぐ……,くっ、離せ！,たっ、退却ー！
